{
  "si_sdr_db": -29.582482995381213,
  "log_mel_mse": 1.272251009941101,
  "log_mel_corr": 0.5363133350113922,
  "band_0_2k_ratio": 1.8946350143226083,
  "band_2_4k_ratio": 2.3154826753431905,
  "band_4_nyq_ratio": 2.996746220412549,
  "samples_compared": 163840,
  "sample_rate": 16000
}