{
  "si_sdr_db": -47.939076127506546,
  "log_mel_mse": 4.000787258148193,
  "log_mel_corr": 0.2649338946847749,
  "band_0_2k_ratio": 0.00121785063252245,
  "band_2_4k_ratio": 0.031320251686708,
  "band_4_nyq_ratio": 0.03220648491493301,
  "samples_compared": 163840,
  "sample_rate": 16000
}