{
  "version": 1,
  "model_name": "cvssp/audioldm2-music",
  "K": 512,
  "codebook_seed": 1234,
  "index_seed": null,
  "normalize_codebook": false,
  "num_inference_steps": 20,
  "indices": [
    215,
    73,
    287,
    27,
    325,
    27,
    44,
    355,
    210,
    18,
    335,
    337,
    289,
    454,
    281,
    312,
    196,
    91,
    237,
    508
  ],
  "audio_length_in_s": 10.24,
  "prompt": "techno music with driving bassline and synth pads",
  "extra": {
    "eta": 1.0,
    "guidance_scale": 3.5,
    "latent_seed": 0,
    "mse_per_step_variance": [
      64073.5859375,
      64344.65234375,
      64240.640625,
      64241.5546875,
      63941.8984375,
      64296.05859375,
      64318.62109375,
      63811.3359375,
      64080.55859375,
      63711.55859375,
      63782.1640625,
      63572.09765625,
      64342.328125,
      64201.0703125,
      64274.34375,
      64525.953125,
      64424.6015625,
      63923.12109375,
      64553.640625,
      64005.71875
    ],
    "mse_mean_variance": 64133.2751953125,
    "method": "greedy_nearest_to_recorded_ddim_variance_noise"
  }
}