{
  "si_sdr_db": -50.54142834999944,
  "log_mel_mse": 7.381407737731934,
  "log_mel_corr": 0.25084653771398346,
  "band_0_2k_ratio": 0.008437526746191094,
  "band_2_4k_ratio": 0.038969465870020904,
  "band_4_nyq_ratio": 0.06608609712435101,
  "samples_compared": 160000,
  "sample_rate": 16000
}